wl,AA,AT,AC,AG,TA,TT,TC,TG,CA,CT,CC,CG,GA,GT,GC,GG,A,T,C,G
215,1.159064,0.872329,0.857138,0.615448,1.060055,1.012706,1.027281,0.662586,1.330191,1.235474,1.34561,0.895555,0.721779,0.725241,0.73531,0.33328,1.186104,1.156527,1.270894,0.851094
216,1.068405,0.799231,0.796607,0.557022,0.979229,0.969726,0.998534,0.61845,1.242987,1.184454,1.305747,0.84432,0.676629,0.685907,0.699906,0.292398,1.074168,1.103365,1.218869,0.777318
217,0.980501,0.716351,0.728473,0.497038,0.895393,0.923021,0.965853,0.580428,1.152555,1.131195,1.264832,0.800446,0.627626,0.645092,0.667112,0.260475,0.959629,1.05149,1.166867,0.711007
218,0.893735,0.639417,0.666146,0.433782,0.806241,0.872891,0.934302,0.546236,1.05948,1.076968,1.224222,0.761838,0.576516,0.61264,0.638912,0.239382,0.843312,0.995177,1.116556,0.652491
219,0.806618,0.561273,0.604376,0.367755,0.714922,0.820471,0.900522,0.513697,0.9643,1.021951,1.18343,0.725591,0.521477,0.582684,0.616046,0.226289,0.729619,0.936928,1.064158,0.598484
220,0.722372,0.488129,0.548316,0.30765,0.629474,0.766364,0.865253,0.484125,0.872383,0.968394,1.144683,0.692014,0.465725,0.553595,0.596916,0.220561,0.62726,0.879867,1.014645,0.550084
221,0.643054,0.428331,0.504352,0.262329,0.553178,0.712026,0.830513,0.458341,0.789584,0.917712,1.108628,0.66372,0.411322,0.524623,0.576683,0.221564,0.539742,0.824585,0.971065,0.510851
222,0.573451,0.376592,0.467115,0.230674,0.49073,0.658813,0.794064,0.43619,0.721485,0.869511,1.075554,0.639569,0.363302,0.493831,0.559345,0.227758,0.470688,0.773561,0.93212,0.479219
223,0.514431,0.336585,0.439682,0.214859,0.44015,0.607345,0.757282,0.417363,0.668513,0.826541,1.045661,0.622024,0.324787,0.463975,0.54021,0.237637,0.420487,0.728047,0.903351,0.458996
224,0.466815,0.308583,0.421349,0.210764,0.39727,0.557324,0.720036,0.399304,0.627218,0.788158,1.018906,0.60785,0.295699,0.43763,0.523981,0.25031,0.386365,0.688887,0.881123,0.447199
225,0.429725,0.283351,0.40662,0.215187,0.365712,0.509959,0.684417,0.386768,0.599153,0.7526,0.994691,0.600244,0.276305,0.410353,0.508492,0.265644,0.367459,0.655537,0.866223,0.443408
226,0.400222,0.264692,0.397874,0.226827,0.33966,0.465217,0.650965,0.376988,0.578693,0.721407,0.972889,0.59774,0.264271,0.386218,0.49446,0.283749,0.358603,0.627677,0.857803,0.447357
227,0.377607,0.250229,0.39156,0.243259,0.318332,0.424558,0.618414,0.370478,0.565458,0.693496,0.953105,0.599785,0.259007,0.365277,0.483252,0.305138,0.356908,0.604153,0.852974,0.456144
228,0.361116,0.239262,0.388763,0.265296,0.300794,0.387317,0.588742,0.368606,0.55563,0.668626,0.934952,0.60566,0.257883,0.34682,0.474841,0.329871,0.360291,0.585249,0.851284,0.469709
229,0.349084,0.230034,0.387398,0.29023,0.288345,0.354698,0.562731,0.370529,0.550148,0.647047,0.918084,0.614677,0.26226,0.332423,0.469893,0.357912,0.368324,0.571067,0.85169,0.487431
230,0.340881,0.224798,0.386446,0.319006,0.279514,0.32721,0.537673,0.377226,0.549395,0.62889,0.902217,0.628249,0.271147,0.323104,0.467143,0.389693,0.379274,0.560083,0.852534,0.508042
231,0.336265,0.222552,0.388057,0.352751,0.27424,0.304979,0.516812,0.389225,0.55094,0.61508,0.887745,0.645996,0.282829,0.3176,0.466868,0.424673,0.391978,0.552423,0.85325,0.531059
232,0.335309,0.221875,0.390657,0.389948,0.273864,0.287809,0.500335,0.408038,0.554722,0.603201,0.874507,0.666803,0.297682,0.315431,0.469297,0.463633,0.407555,0.548543,0.855732,0.557553
233,0.337776,0.225039,0.39509,0.429301,0.277319,0.276314,0.487035,0.429579,0.560789,0.595011,0.862612,0.689039,0.316798,0.31993,0.477178,0.505393,0.423797,0.547965,0.856566,0.586006
234,0.343731,0.233009,0.400782,0.473438,0.283371,0.270718,0.475575,0.455181,0.568629,0.591946,0.850814,0.715615,0.338568,0.330449,0.48736,0.550107,0.441616,0.550362,0.857893,0.616049
235,0.352624,0.241664,0.407393,0.519451,0.296167,0.269923,0.469876,0.487798,0.578934,0.589299,0.840777,0.744455,0.363554,0.343505,0.500016,0.597671,0.461187,0.556237,0.859872,0.648922
236,0.364642,0.25545,0.417505,0.568386,0.311371,0.274296,0.468011,0.523409,0.589912,0.589282,0.831963,0.774463,0.391594,0.362104,0.516077,0.646941,0.480368,0.562828,0.860285,0.681883
237,0.380105,0.273193,0.42962,0.62101,0.330075,0.283278,0.469396,0.563341,0.601977,0.591914,0.823761,0.805674,0.422264,0.384871,0.535245,0.698504,0.501647,0.572198,0.861061,0.716521
238,0.398994,0.29309,0.443004,0.674892,0.353255,0.296613,0.473903,0.60629,0.615704,0.596595,0.816447,0.838329,0.456318,0.411864,0.557096,0.751248,0.524272,0.583496,0.862194,0.752291
239,0.42136,0.317797,0.459808,0.730623,0.37927,0.31357,0.481301,0.650372,0.630305,0.603278,0.810349,0.871268,0.493002,0.442989,0.581244,0.804695,0.548133,0.59622,0.862357,0.787352
240,0.446917,0.346549,0.478999,0.787424,0.406761,0.333511,0.490695,0.694717,0.644934,0.612446,0.805,0.903764,0.53051,0.476752,0.606123,0.856889,0.573313,0.610818,0.863026,0.822389
241,0.476364,0.377779,0.500102,0.844076,0.438843,0.35695,0.502847,0.740824,0.660998,0.622317,0.801343,0.936151,0.570693,0.513366,0.633041,0.908636,0.599421,0.626648,0.864005,0.857399
242,0.509124,0.411774,0.523565,0.900078,0.473068,0.383063,0.517381,0.78639,0.677887,0.634315,0.798497,0.968191,0.61156,0.551377,0.660215,0.958996,0.627414,0.644781,0.865839,0.89231
243,0.544848,0.448523,0.54952,0.954095,0.509189,0.411767,0.534526,0.831028,0.695019,0.646839,0.796466,0.99761,0.653198,0.591729,0.689105,1.006693,0.656161,0.664098,0.867708,0.92641
244,0.583025,0.489303,0.577955,1.005909,0.545613,0.44271,0.553324,0.874109,0.712012,0.661321,0.795907,1.025841,0.69434,0.633487,0.717143,1.051535,0.684628,0.682757,0.87017,0.958116
245,0.624228,0.530787,0.607589,1.053611,0.583604,0.475587,0.573365,0.914591,0.729657,0.677183,0.796766,1.051039,0.735044,0.675899,0.746459,1.091521,0.714255,0.703175,0.872481,0.987844
246,0.667817,0.570176,0.6368,1.096357,0.627088,0.510748,0.596654,0.953716,0.749826,0.693211,0.799277,1.0745,0.777142,0.715012,0.775355,1.128315,0.745124,0.724455,0.875668,1.014942
247,0.713385,0.614081,0.668941,1.135019,0.668151,0.547346,0.619582,0.987512,0.770097,0.711822,0.803741,1.095215,0.817621,0.755497,0.803306,1.158452,0.7759,0.746589,0.879785,1.038763
248,0.760653,0.661102,0.704385,1.167425,0.709563,0.585506,0.646553,1.016485,0.790265,0.731043,0.810002,1.111199,0.856646,0.796302,0.832223,1.181755,0.806404,0.768795,0.884689,1.058064
249,0.806569,0.705865,0.739365,1.19247,0.749677,0.624176,0.67355,1.039892,0.810826,0.750911,0.818126,1.123339,0.89202,0.833221,0.858898,1.196174,0.835874,0.791049,0.889885,1.072193
250,0.84965,0.74828,0.773674,1.208779,0.788795,0.662318,0.701833,1.059421,0.831199,0.771773,0.828208,1.131208,0.92279,0.866286,0.882671,1.202704,0.863451,0.813122,0.897137,1.083289
251,0.889904,0.788233,0.804959,1.215006,0.825433,0.700899,0.731137,1.072041,0.85321,0.793488,0.839278,1.134486,0.950563,0.896176,0.905019,1.201985,0.890347,0.836009,0.904559,1.090875
252,0.925692,0.827663,0.83717,1.214954,0.857956,0.740178,0.760313,1.080501,0.873274,0.817705,0.851619,1.134681,0.971386,0.922643,0.924409,1.195406,0.913186,0.857857,0.912324,1.095498
253,0.957127,0.860288,0.864946,1.204625,0.891993,0.778667,0.79201,1.086938,0.8948,0.840219,0.866157,1.131056,0.989311,0.943487,0.940794,1.18545,0.934936,0.879862,0.921977,1.097161
254,0.983645,0.891927,0.892226,1.187893,0.921751,0.816405,0.824278,1.087841,0.913953,0.863603,0.880895,1.121781,1.002864,0.962407,0.956716,1.172717,0.954229,0.899551,0.931695,1.094626
255,1.005378,0.92331,0.918969,1.165179,0.946211,0.852758,0.855733,1.083071,0.931409,0.887968,0.898128,1.108377,1.012989,0.980018,0.971279,1.156247,0.97061,0.919635,0.941197,1.088307
256,1.021502,0.949608,0.942719,1.139575,0.968682,0.887552,0.887997,1.075772,0.947756,0.911339,0.917304,1.092835,1.017068,0.990452,0.982515,1.136747,0.985713,0.939335,0.953373,1.078601
257,1.030283,0.97074,0.963048,1.107207,0.985785,0.920545,0.918654,1.06179,0.96574,0.935722,0.936538,1.073197,1.020232,1.000668,0.992135,1.11198,0.995236,0.956564,0.963954,1.064461
258,1.029526,0.989714,0.980724,1.074821,0.994588,0.950212,0.947236,1.043392,0.978923,0.959823,0.956981,1.050526,1.016013,1.005301,0.999032,1.080741,1.002018,0.97271,0.976519,1.046371
259,1.019596,0.998701,0.993312,1.037148,0.999099,0.977315,0.975112,1.021068,0.991466,0.981442,0.977868,1.024935,1.0113,1.006718,1.001715,1.042647,1.003203,0.987592,0.987975,1.024146
260,1,1,1,1,1,1,1,1,1,1,1,1,1,1,1,1,1,1,1,1
261,0.972917,1.000225,1.005877,0.964691,0.989798,1.019317,1.023898,0.978132,1.001921,1.018246,1.02049,0.97262,0.980778,0.992963,0.995487,0.95265,0.992061,1.00858,1.010338,0.9736
262,0.940801,0.994849,1.00514,0.930694,0.974446,1.036347,1.043384,0.957925,1.000859,1.035428,1.040985,0.945906,0.957122,0.982538,0.988216,0.90568,0.980658,1.017143,1.020969,0.948742
263,0.905691,0.985691,0.99627,0.896047,0.955388,1.048439,1.060445,0.938108,0.99693,1.051727,1.058928,0.9203,0.931699,0.972169,0.98019,0.862671,0.96613,1.024409,1.031358,0.926507
264,0.869269,0.969695,0.984093,0.866624,0.935718,1.055639,1.076546,0.923163,0.988511,1.065152,1.074455,0.898287,0.902719,0.957862,0.969586,0.823261,0.946319,1.029506,1.040138,0.906888
265,0.834248,0.948519,0.964704,0.835327,0.914789,1.058989,1.086688,0.908982,0.980596,1.076589,1.089469,0.881672,0.873535,0.944455,0.958317,0.788827,0.922452,1.031984,1.045692,0.888204
266,0.799073,0.923644,0.941814,0.806852,0.890699,1.058719,1.093842,0.897491,0.967285,1.084547,1.101834,0.866018,0.843055,0.927798,0.947984,0.758693,0.895213,1.033951,1.051584,0.873129
267,0.764713,0.8961,0.918339,0.780534,0.862252,1.054734,1.097838,0.886964,0.949043,1.088584,1.111949,0.854816,0.809711,0.911589,0.936377,0.732309,0.862657,1.030151,1.052574,0.857921
268,0.729807,0.86188,0.89048,0.753086,0.831384,1.045104,1.098725,0.878113,0.927346,1.088662,1.118537,0.843693,0.775543,0.894453,0.926171,0.709736,0.824632,1.023269,1.05274,0.843712
269,0.693833,0.823501,0.858432,0.724632,0.797331,1.031702,1.097221,0.868146,0.900336,1.084398,1.123261,0.832651,0.740192,0.875895,0.917521,0.689551,0.780997,1.013859,1.047348,0.829826
270,0.655397,0.780594,0.823175,0.692032,0.761595,1.014274,1.090792,0.855004,0.872168,1.077405,1.123585,0.82107,0.705603,0.858952,0.908787,0.671862,0.733827,1.00018,1.039399,0.817142
271,0.614693,0.735788,0.784795,0.659278,0.723541,0.992373,1.08017,0.841171,0.842313,1.066606,1.121011,0.810687,0.670687,0.840754,0.897346,0.655232,0.683324,0.983717,1.028038,0.802709
272,0.573334,0.688196,0.746015,0.625472,0.686136,0.966806,1.066652,0.826029,0.809979,1.050725,1.115906,0.798451,0.638117,0.820703,0.88471,0.639087,0.630457,0.961432,1.01189,0.788088
273,0.5313,0.638854,0.707097,0.591819,0.649509,0.938676,1.048611,0.809846,0.777125,1.030396,1.105931,0.784916,0.606558,0.798462,0.87021,0.622637,0.5791,0.936981,0.993514,0.7728
274,0.490976,0.592591,0.67151,0.561889,0.612102,0.906774,1.028332,0.792973,0.740866,1.0054,1.092121,0.76968,0.5747,0.77345,0.853542,0.606095,0.52733,0.908396,0.969683,0.753411
275,0.453291,0.546281,0.63359,0.531133,0.57668,0.871725,1.004933,0.773539,0.706469,0.977462,1.073622,0.753332,0.546621,0.74939,0.836211,0.589757,0.475089,0.873921,0.940071,0.731518
276,0.416854,0.50199,0.598385,0.499808,0.540091,0.832635,0.977025,0.750344,0.67083,0.945767,1.050678,0.733564,0.521413,0.726708,0.817312,0.572361,0.423924,0.83746,0.905835,0.707871
277,0.383199,0.462008,0.565915,0.473524,0.501667,0.792917,0.946656,0.727959,0.633512,0.911535,1.023499,0.713955,0.494921,0.701813,0.795929,0.55395,0.3721,0.796528,0.868499,0.681809
278,0.351284,0.417267,0.529438,0.444836,0.469821,0.750806,0.91328,0.705766,0.598993,0.874084,0.994511,0.695185,0.473354,0.674605,0.772282,0.535444,0.323775,0.754091,0.827229,0.65432
279,0.318663,0.376119,0.498378,0.420272,0.431818,0.706132,0.876893,0.681405,0.55804,0.831775,0.960881,0.673421,0.448058,0.645275,0.747282,0.51492,0.27608,0.709002,0.782699,0.625349
280,0.28754,0.335031,0.46478,0.39401,0.397594,0.662072,0.839106,0.656474,0.520492,0.788703,0.925556,0.651268,0.425411,0.616069,0.722342,0.496478,0.231245,0.661937,0.737598,0.594678
281,0.257012,0.29255,0.431047,0.367246,0.364667,0.616784,0.799928,0.630812,0.483453,0.743149,0.887399,0.629113,0.402281,0.585776,0.697353,0.477353,0.189628,0.613804,0.689049,0.563219
282,0.225401,0.255705,0.401388,0.343298,0.328748,0.570349,0.759019,0.602098,0.442664,0.69643,0.847195,0.603064,0.377519,0.556287,0.672593,0.457209,0.151169,0.564405,0.640558,0.530255
283,0.194528,0.21984,0.372268,0.318758,0.294956,0.523084,0.716569,0.572124,0.404092,0.649455,0.805359,0.578713,0.352529,0.526681,0.645226,0.436864,0.114001,0.512965,0.587793,0.493326
284,0.164848,0.186524,0.345632,0.293957,0.262494,0.475919,0.672714,0.53949,0.365478,0.60127,0.76201,0.551125,0.328183,0.496919,0.619206,0.415483,0.081323,0.461399,0.534769,0.455183
285,0.136475,0.159389,0.321861,0.271754,0.228632,0.428082,0.626226,0.502248,0.326836,0.553612,0.716915,0.523022,0.301899,0.467626,0.590603,0.391997,0.052144,0.409909,0.481476,0.415797
286,0.110696,0.130412,0.299029,0.250006,0.200501,0.381489,0.581439,0.467247,0.291747,0.503108,0.669276,0.494057,0.277723,0.435718,0.561742,0.367171,0.027564,0.358989,0.428939,0.376162
287,0.088731,0.102326,0.27586,0.228386,0.176746,0.336031,0.535751,0.431657,0.25854,0.451564,0.619127,0.465517,0.253833,0.401519,0.531265,0.341668,0.006106,0.307815,0.37537,0.335539
288,0.070564,0.079279,0.254101,0.207227,0.153535,0.29245,0.488758,0.393372,0.22664,0.401206,0.567357,0.43573,0.231497,0.369603,0.500098,0.314155,-0.014116,0.257674,0.320618,0.293686
289,0.056178,0.058637,0.233533,0.186633,0.132595,0.250946,0.441858,0.355988,0.196686,0.351645,0.514127,0.40458,0.209128,0.337622,0.467677,0.284921,-0.030725,0.209957,0.267005,0.252274
290,0.044939,0.041243,0.212939,0.165842,0.113911,0.212244,0.395185,0.317213,0.168853,0.303844,0.460657,0.371652,0.188267,0.306273,0.432801,0.254676,-0.046358,0.164449,0.214654,0.211472
291,0.036533,0.025831,0.190703,0.145195,0.098117,0.17769,0.350118,0.280914,0.145122,0.260346,0.408834,0.338701,0.168063,0.274102,0.395892,0.22476,-0.057942,0.124315,0.168252,0.173428
292,0.030511,0.014088,0.171766,0.126836,0.083522,0.14722,0.308065,0.246916,0.122367,0.219932,0.360902,0.304756,0.147695,0.242933,0.358568,0.194756,-0.067295,0.089528,0.128084,0.138027
293,0.025776,0.005907,0.152929,0.108616,0.06972,0.120636,0.268624,0.213265,0.102288,0.185583,0.316671,0.270325,0.129248,0.214099,0.3215,0.166425,-0.073616,0.060357,0.094437,0.106381
294,0.022574,0.001048,0.135587,0.092188,0.057724,0.097602,0.2326,0.182847,0.085326,0.155186,0.276508,0.238373,0.110713,0.186073,0.284173,0.139922,-0.076929,0.035857,0.066155,0.078309
295,0.020216,-0.004261,0.118393,0.076051,0.048444,0.078565,0.200386,0.155588,0.071,0.128094,0.240057,0.20864,0.093964,0.158405,0.246967,0.115868,-0.077544,0.017346,0.044266,0.054506
296,0.018065,-0.008835,0.101673,0.061011,0.041654,0.062635,0.170882,0.130568,0.06014,0.106036,0.20839,0.180927,0.079833,0.134184,0.2123,0.095295,-0.074701,0.004646,0.028577,0.0361
297,0.015877,-0.009732,0.089238,0.049537,0.033735,0.049888,0.144082,0.108046,0.048574,0.086717,0.179764,0.154343,0.065683,0.112768,0.181515,0.076854,-0.069986,-0.003463,0.017604,0.022803
298,0.014209,-0.009759,0.077484,0.040542,0.026279,0.039813,0.120073,0.08944,0.038318,0.070256,0.153259,0.131452,0.052299,0.092495,0.151685,0.060794,-0.063697,-0.007342,0.01045,0.013183
299,0.012558,-0.010039,0.064766,0.031718,0.020772,0.031918,0.09781,0.07337,0.031332,0.05704,0.129646,0.111511,0.041943,0.076493,0.125389,0.048057,-0.05518,-0.007637,0.006675,0.00712
300,0.010994,-0.009709,0.055213,0.025079,0.015877,0.026667,0.079195,0.060389,0.023905,0.044462,0.108253,0.092944,0.032956,0.062249,0.103109,0.037539,-0.046337,-0.006163,0.005172,0.003759
301,0.009391,-0.010197,0.046073,0.019261,0.012317,0.022598,0.062337,0.050131,0.018041,0.034227,0.089246,0.078053,0.025141,0.049735,0.082307,0.029297,-0.036845,-0.002399,0.006221,0.004253
302,0.008152,-0.010324,0.037954,0.014101,0.009628,0.019799,0.048242,0.040838,0.013284,0.025688,0.072953,0.064595,0.019382,0.039972,0.066129,0.022661,-0.027966,0.001491,0.006293,0.005131
303,0.00719,-0.010246,0.031672,0.012255,0.006886,0.017897,0.036436,0.035122,0.00895,0.01894,0.058347,0.054888,0.013423,0.031023,0.051055,0.01743,-0.02028,0.006378,0.007773,0.006446
304,0.006261,-0.008494,0.025839,0.010652,0.003476,0.017213,0.026222,0.030195,0.005923,0.014488,0.046321,0.04738,0.008927,0.024192,0.038067,0.013771,-0.013145,0.01071,0.009466,0.007842
305,0.005803,-0.008269,0.021482,0.009579,0.001823,0.016167,0.017755,0.025822,0.00306,0.01115,0.03702,0.04018,0.005813,0.019163,0.028374,0.01054,-0.007761,0.014174,0.011164,0.010007
306,0.00513,-0.008063,0.017746,0.008603,0.001,0.016073,0.012187,0.023662,0.000528,0.00804,0.029863,0.034454,0.003102,0.014054,0.021205,0.009202,-0.003711,0.016741,0.011759,0.010734
307,0.004129,-0.009628,0.013269,0.006036,0.001428,0.016178,0.007163,0.021023,0.000469,0.005444,0.024146,0.029619,0.002721,0.010683,0.01534,0.007413,0.000733,0.020113,0.013429,0.012986
308,0.004051,-0.008742,0.011711,0.006325,0.000502,0.015904,0.004667,0.020394,-0.000683,0.003885,0.019753,0.026437,0.000791,0.008486,0.010493,0.005774,0.001729,0.020871,0.013117,0.013184
309,0.00356,-0.009465,0.008392,0.006617,0.000409,0.016263,0.001045,0.019977,-0.000266,0.004122,0.016413,0.025079,-0.001123,0.004809,0.005067,0.005191,0.005344,0.023761,0.014579,0.014635
310,0.003558,-0.00835,0.007304,0.005919,-0.000622,0.016507,-0.00206,0.017981,-0.000885,0.003916,0.013149,0.023378,-0.001928,0.003956,0.002635,0.004091,0.007074,0.02547,0.01532,0.015027
